id;number_conge_police;end_date_conge_police;valid_conge_police;desc_conge_police
1;Money Market Account;2021-01-02;true;Horizontal invoice reboot
2;Avon;2021-01-02;true;Incredible
3;input contextually-based;2021-01-02;true;turn-key Solutions
4;Web Garden drive;2021-01-02;true;brand
5;Functionality;2021-01-03;false;lime
6;networks Stand-alone hack;2021-01-02;false;Auto Loan Account IB Web
7;Pitcairn Islands Grocery Buckinghamshire;2021-01-02;false;Home Loan Account
8;Engineer Music technologies;2021-01-02;false;programming 24/7 Internal
9;mission-critical synthesizing;2021-01-02;true;Mauritania parse
10;salmon;2021-01-02;false;overriding quantify
