id;number_member;type_member;cin_member;firstname_member;lastname_member;email_member;number_phone_member;dob_member;adress_member;image_member;image_member_content_type;desc_member
1;dot-com asymmetric Frozen;MEMBER_GUEST;Shoes Intranet Refined;Harbor;Open-source Buckinghamshire;"h.@_FifK.Cww.7Fl.gc.cdK";user-facing hacking Rubber;2021-01-03;Chicken Lari;../fake-data/blob/hipster.png;image/png;Stream connecting withdrawal
2;Direct Camp Angola;MEMBER_VEHICLEOWNER;collaborative Handcrafted Plastic Table;initiatives;User-friendly;"8h@-QC.3BO.TT.V4Qm.A5";Steel;2021-01-02;Frozen cyan backing up;../fake-data/blob/hipster.png;image/png;CSS Lari
3;Personal Loan Account support;MEMBER_VEHICLEOWNER;Mauritania;Garden Avon;Parks invoice;"F@Q.VT7N";optimize;2021-01-03;Fresh killer;../fake-data/blob/hipster.png;image/png;Steel Outdoors
4;Future project JBOD;MEMBER_VEHICLEOWNER;Public-key software;deposit;Communications Fish mindshare;"GEG.a@0ouJG5.KMf";Greens paradigms Grocery;2021-01-02;ROI;../fake-data/blob/hipster.png;image/png;Malaysian Ringgit benchmark Practical Frozen Towels
5;Singapore Dollar;MEMBER_GUEST;24/365 metrics;Shoes Steel Personal Loan Account;zero tolerance fresh-thinking;"drrrlv@uSpI.hC.v_Tuo.mPU.I.q1OJ.rsh";Security infomediaries Norwegian Krone;2021-01-02;Table Internal Lebanon;../fake-data/blob/hipster.png;image/png;Cotton system
6;Berkshire Gibraltar connecting;MEMBER_INDIVIDUAL;Specialist robust;Rhode Island;Computer;"f@v.twE.w.q.ND";Soft;2021-01-02;Practical Soft Chair Refined Wooden Hat;../fake-data/blob/hipster.png;image/png;Director standardization Kroon
7;Naira;MEMBER_INDIVIDUAL;generate Home Loan Account moratorium;system engine Coordinator;Shoes;"Nvc@eEag.c.2_uzW.voX.hk";Square;2021-01-02;front-end Chair target;../fake-data/blob/hipster.png;image/png;Ouguiya
8;Cotton Virgin Islands, British;MEMBER_GUEST;Handmade Metal Cheese Ukraine Networked;SDD District;Fantastic Fresh Mouse;"fmU@-Ei.o11ka.kq.-.W.A_j_gV.dnS";payment;2021-01-03;Bacon;../fake-data/blob/hipster.png;image/png;Product
9;Fantastic Steel Cheese;MEMBER_INDIVIDUAL;yellow application Hawaii;next generation CSS;driver niches Corporate;"U@i.-_P.ftaCb.5ryNda.wbS.5nH";Granite maximized Savings Account;2021-01-02;strategic;../fake-data/blob/hipster.png;image/png;reinvent
10;local;MEMBER_GUEST;Comoro Franc;Face to face Savings Account copy;platforms;"gG01o@Wi80.nx.iIy2.j-.nR.LVv.NT-";Argentine Peso;2021-01-03;Auto Loan Account Concrete Handcrafted Concrete Pants;../fake-data/blob/hipster.png;image/png;Borders artificial intelligence core
